Datetime,Water Level (m)
2025-11-09 06:00:00,0.20594111
2025-11-09 07:00:00,0.64995295
2025-11-09 08:00:00,0.93047893
2025-11-09 09:00:00,0.9620136
2025-11-09 10:00:00,0.6965351
2025-11-09 11:00:00,0.33785555
2025-11-09 12:00:00,-0.026235482
2025-11-09 13:00:00,-0.36167014
2025-11-09 14:00:00,-0.6453898
2025-11-09 15:00:00,-0.87606084
2025-11-09 16:00:00,-0.7379957
2025-11-09 17:00:00,-0.22950616
2025-11-09 18:00:00,0.3826379
2025-11-09 19:00:00,0.94639236
2025-11-09 20:00:00,1.3522497
2025-11-09 21:00:00,1.458711
2025-11-09 22:00:00,1.2276553
2025-11-09 23:00:00,0.83837277
2025-11-10 00:00:00,0.41853285
2025-11-10 01:00:00,0.031601615
2025-11-10 02:00:00,-0.32213476
2025-11-10 03:00:00,-0.60715264
2025-11-10 04:00:00,-0.83370745
2025-11-10 05:00:00,-0.7181693
2025-11-10 06:00:00,-0.32132822
2025-11-10 07:00:00,0.14732218
2025-11-10 08:00:00,0.5726497
2025-11-10 09:00:00,0.8344247
2025-11-10 10:00:00,0.8316379
2025-11-10 11:00:00,0.5677373
2025-11-10 12:00:00,0.23478132
2025-11-10 13:00:00,-0.093001984
2025-11-10 14:00:00,-0.399445
2025-11-10 15:00:00,-0.65489745
2025-11-10 16:00:00,-0.82873577
2025-11-10 17:00:00,-0.63083005
2025-11-10 18:00:00,-0.19636174
2025-11-10 19:00:00,0.3278751
2025-11-10 20:00:00,0.7980279
2025-11-10 21:00:00,1.1526197
2025-11-10 22:00:00,1.2589278
2025-11-10 23:00:00,1.0410908
2025-11-11 00:00:00,0.67622155
2025-11-11 01:00:00,0.29168075
2025-11-11 02:00:00,-0.06294511
2025-11-11 03:00:00,-0.3803978
2025-11-11 04:00:00,-0.6456673
2025-11-11 05:00:00,-0.841636
2025-11-11 06:00:00,-0.74269086
2025-11-11 07:00:00,-0.39921823
2025-11-11 08:00:00,6.86542e-05
2025-11-11 09:00:00,0.3827714
2025-11-11 10:00:00,0.6449681
2025-11-11 11:00:00,0.69904673
2025-11-11 12:00:00,0.5073267
2025-11-11 13:00:00,0.21801594
2025-11-11 14:00:00,-0.08368779
2025-11-11 15:00:00,-0.36529788
2025-11-11 16:00:00,-0.59628445
2025-11-11 17:00:00,-0.72781044
2025-11-11 18:00:00,-0.5549432
2025-11-11 19:00:00,-0.20909205
2025-11-11 20:00:00,0.21128099
2025-11-11 21:00:00,0.6164635
2025-11-11 22:00:00,0.9057335
2025-11-11 23:00:00,0.9999563
2025-11-12 00:00:00,0.8398198
2025-11-12 01:00:00,0.5359036
2025-11-12 02:00:00,0.19752982
2025-11-12 03:00:00,-0.11608537
2025-11-12 04:00:00,-0.40943804
2025-11-12 05:00:00,-0.6539827
2025-11-12 06:00:00,-0.8308577
2025-11-12 07:00:00,-0.77271
2025-11-12 08:00:00,-0.48361325
2025-11-12 09:00:00,-0.12793222
2025-11-12 10:00:00,0.24058501
2025-11-12 11:00:00,0.53809464
2025-11-12 12:00:00,0.66513133
2025-11-12 13:00:00,0.57726425
2025-11-12 14:00:00,0.33336362
2025-11-12 15:00:00,0.046964817
2025-11-12 16:00:00,-0.23011646
2025-11-12 17:00:00,-0.45963603
2025-11-12 18:00:00,-0.6028487
2025-11-12 19:00:00,-0.53821
2025-11-12 20:00:00,-0.28583843
2025-11-12 21:00:00,0.058744673
2025-11-12 22:00:00,0.41846606
2025-11-12 23:00:00,0.6905176
2025-11-13 00:00:00,0.8278396
2025-11-13 01:00:00,0.77143997
2025-11-13 02:00:00,0.5386157
2025-11-13 03:00:00,0.23374717
2025-11-13 04:00:00,-0.070392355
2025-11-13 05:00:00,-0.3572774
2025-11-13 06:00:00,-0.6022403
2025-11-13 07:00:00,-0.78295386
2025-11-13 08:00:00,-0.7896107
2025-11-13 09:00:00,-0.54467857
2025-11-13 10:00:00,-0.19999847
2025-11-13 11:00:00,0.17919566
2025-11-13 12:00:00,0.50165707
2025-11-13 13:00:00,0.6819008
2025-11-13 14:00:00,0.6942409
2025-11-13 15:00:00,0.49855974
2025-11-13 16:00:00,0.21619059
2025-11-13 17:00:00,-0.069737904
2025-11-13 18:00:00,-0.3286777
2025-11-13 19:00:00,-0.5211476
2025-11-13 20:00:00,-0.58447343
2025-11-13 21:00:00,-0.41585907
2025-11-13 22:00:00,-0.10532929
2025-11-13 23:00:00,0.260676
2025-11-14 00:00:00,0.5744674
2025-11-14 01:00:00,0.75998014
2025-11-14 02:00:00,0.78256786
2025-11-14 03:00:00,0.59884965
2025-11-14 04:00:00,0.3041402
2025-11-14 05:00:00,-0.011296109
2025-11-14 06:00:00,-0.31277105
2025-11-14 07:00:00,-0.5666533
2025-11-14 08:00:00,-0.7616308
2025-11-14 09:00:00,-0.8064335
2025-11-14 10:00:00,-0.549822
2025-11-14 11:00:00,-0.17547402
2025-11-14 12:00:00,0.231687
2025-11-14 13:00:00,0.5838096
2025-11-14 14:00:00,0.8056059
2025-11-14 15:00:00,0.8288799
2025-11-14 16:00:00,0.62686324
2025-11-14 17:00:00,0.32285297
2025-11-14 18:00:00,0.010947005
2025-11-14 19:00:00,-0.27636027
2025-11-14 20:00:00,-0.51049006
2025-11-14 21:00:00,-0.65066916
2025-11-14 22:00:00,-0.5465896
2025-11-14 23:00:00,-0.2294858
2025-11-15 00:00:00,0.15668784
2025-11-15 01:00:00,0.5031914
2025-11-15 02:00:00,0.72829014
2025-11-15 03:00:00,0.79387975
2025-11-15 04:00:00,0.61750597
2025-11-15 05:00:00,0.31354073
2025-11-15 06:00:00,-0.014361061
